id,first_name,last_name,email,gender,ip_address,language
1,Marylou,Sirman,msirman0@de.vu,Female,196.76.40.237,Catalan
2,Olin,Lavelle,olavelle1@bravesites.com,Male,71.219.20.11,Arabic
3,Prentice,Brimmacombe,pbrimmacombe2@last.fm,Male,182.123.39.46,Belarusian
4,Asa,Doutch,adoutch3@godaddy.com,Male,13.200.210.145,Amharic
5,Stepha,Andreucci,sandreucci4@globo.com,Female,40.158.196.101,Malayalam
6,Haleigh,Lebreton,hlebreton5@narod.ru,Male,230.84.49.109,Azeri
7,Lock,Elletson,lelletson6@tiny.cc,Male,134.39.205.210,French
8,Anallise,Ferrini,aferrini7@illinois.edu,Female,227.251.83.193,Korean
9,Roseanna,Bodd,rbodd8@ovh.net,Female,35.201.214.73,Tamil
10,Agathe,Tootal,atootal9@blogtalkradio.com,Female,95.253.71.93,Finnish
11,Alon,Ryam,aryama@amazon.co.uk,Male,36.236.233.136,M��ori
12,Mavis,Huscroft,mhuscroftb@sitemeter.com,Female,121.180.163.150,Norwegian
13,Gale,Madigan,gmadiganc@tripod.com,Female,93.223.60.15,French
14,Ty,Stirland,tstirlandd@soundcloud.com,Male,54.42.199.155,English
15,Patti,Ranfield,pranfielde@nationalgeographic.com,Female,99.72.89.255,Chinese
16,Lotti,Tough,ltoughf@vkontakte.ru,Female,212.196.167.189,Finnish
17,Olly,Abrahmovici,oabrahmovicig@oaic.gov.au,Female,25.63.109.120,Albanian
18,Basia,Yusupov,byusupovh@umn.edu,Female,135.162.66.64,Georgian
19,Arleyne,Morit,amoriti@nature.com,Female,170.209.127.21,Spanish
20,Morry,Standall,mstandallj@bloglovin.com,Male,2.108.215.54,English
21,Roana,Antonacci,rantonaccik@umn.edu,Female,93.102.26.166,French
22,Estell,Earsman,eearsmanl@economist.com,Female,68.30.111.17,Norwegian
23,Osborne,Rattery,oratterym@e-recht24.de,Male,106.54.158.31,Arabic
24,Angelita,Muscroft,amuscroftn@ebay.co.uk,Female,180.143.64.64,English
25,Wendye,Merwe,wmerweo@seesaa.net,Female,117.224.176.110,Romanian
26,Gweneth,Juanes,gjuanesp@europa.eu,Female,32.112.80.249,Indonesian
27,Rosene,Saundercock,rsaundercockq@myspace.com,Female,48.106.134.76,Zulu
28,Darin,Mascall,dmascallr@alexa.com,Male,13.194.221.0,French
29,Lissi,Raise,lraises@businesswire.com,Female,133.94.250.215,Bulgarian
30,Vally,Endrizzi,vendrizzit@mac.com,Female,19.36.60.241,Spanish
31,Merrick,Yitzhok,myitzhoku@stanford.edu,Male,190.151.30.166,Chinese
32,Cornall,Piddington,cpiddingtonv@reference.com,Male,217.192.244.234,Indonesian
33,Lennard,Gresswell,lgresswellw@reddit.com,Male,5.59.159.22,Spanish
34,Chastity,Terbruggen,cterbruggenx@fastcompany.com,Female,57.95.129.152,Luxembourgish
35,Remington,Pregal,rpregaly@icio.us,Male,176.240.132.110,English
36,Drusie,Dunbobin,ddunbobinz@pagesperso-orange.fr,Female,179.52.26.79,Arabic
37,Petronella,Sawkins,psawkins10@xrea.com,Female,149.159.240.5,Hungarian
38,Dahlia,Lauchlan,dlauchlan11@apple.com,Female,11.98.96.72,Armenian
39,Thomasa,Lewington,tlewington12@wp.com,Female,210.36.246.181,Albanian
40,Thurston,Harty,tharty13@twitter.com,Male,157.156.221.217,Lithuanian
41,Ossie,Camoys,ocamoys14@discuz.net,Male,74.106.2.192,Armenian
42,Larissa,Frangleton,lfrangleton15@sphinn.com,Female,113.115.120.225,Dutch
43,Clarinda,Vaudin,cvaudin16@multiply.com,Female,202.2.200.159,Filipino
44,Ailene,Rozea,arozea17@msn.com,Female,187.33.91.120,Hindi
45,Stewart,Downey,sdowney18@time.com,Male,136.238.152.32,Mongolian
46,Tucker,Millichap,tmillichap19@google.nl,Male,205.93.136.8,English
47,Carla,Aughtie,caughtie1a@msu.edu,Female,46.202.206.31,Albanian
48,Keefer,Freer,kfreer1b@cnet.com,Male,219.135.194.36,Pashto
49,Darell,Mellonby,dmellonby1c@cyberchimps.com,Female,172.31.131.85,English
50,Corbin,Bruckmann,cbruckmann1d@dedecms.com,Male,191.84.150.114,Arabic
51,Beckie,Fullick,bfullick1e@vinaora.com,Female,208.159.51.8,Spanish
52,Ellwood,Dyter,edyter1f@google.co.uk,Male,248.76.203.86,Nepali
53,Harris,Pilcher,hpilcher1g@naver.com,Male,40.221.67.189,English
54,Lucio,Birrel,lbirrel1h@pinterest.com,Male,61.74.59.30,English
55,Garner,Karchewski,gkarchewski1i@kickstarter.com,Male,111.112.57.187,Bulgarian
56,Georgie,Durrington,gdurrington1j@howstuffworks.com,Male,59.2.14.148,English
57,Shaine,Siggee,ssiggee1k@xinhuanet.com,Male,49.210.7.95,Hindi
58,Hi,Firminger,hfirminger1l@xing.com,Male,46.103.232.170,Mongolian
59,Leodora,Gommery,lgommery1m@imageshack.us,Female,249.110.89.218,Estonian
60,Eldin,Ardley,eardley1n@ca.gov,Male,159.160.252.37,Hindi
61,Donia,Frisel,dfrisel1o@cdbaby.com,Female,79.178.49.30,Indonesian
62,Major,Chaudrelle,mchaudrelle1p@skyrock.com,Male,228.214.186.86,Hindi
63,Lorianne,Smith,lsmith1q@samsung.com,Female,123.27.128.226,Spanish
64,Friederike,Starton,fstarton1r@bbc.co.uk,Female,188.147.66.253,Spanish
65,Caril,Mansell,cmansell1s@rediff.com,Female,126.199.112.31,Yiddish
66,Raul,Kirkland,rkirkland1t@nifty.com,Male,173.192.58.14,Swahili
67,Vidovik,Wennam,vwennam1u@marriott.com,Male,224.140.22.214,Bengali
68,Sharia,Baniard,sbaniard1v@discovery.com,Female,200.222.17.144,Russian
69,Brnaba,Upwood,bupwood1w@blogger.com,Male,118.89.42.5,Hindi
70,Truman,Goldfinch,tgoldfinch1x@youtube.com,Male,95.110.146.122,English
71,Johnathan,Bagniuk,jbagniuk1y@myspace.com,Male,220.10.102.170,Spanish
72,Bordy,Tradewell,btradewell1z@ft.com,Male,53.250.89.221,Belarusian
73,Philipa,Clardge,pclardge20@posterous.com,Female,176.26.102.169,Guaran�_
74,Julia,Sperry,jsperry21@nature.com,Female,95.147.35.74,Catalan
75,Barrett,Parrington,bparrington22@apache.org,Male,79.145.6.196,Burmese
76,Sara,Meyrick,smeyrick23@statcounter.com,Female,30.229.86.52,Hindi
77,Chantalle,Towers,ctowers24@qq.com,Female,233.39.208.181,Arabic
78,Alisander,Standingford,astandingford25@earthlink.net,Male,213.48.78.89,Japanese
79,Kaleena,Bellingham,kbellingham26@dot.gov,Female,27.165.95.23,Filipino
80,Reed,Taylerson,rtaylerson27@twitter.com,Male,69.165.171.230,Chinese
81,Brady,Corney,bcorney28@state.gov,Male,118.64.84.115,Norwegian
82,Solly,Branwhite,sbranwhite29@blinklist.com,Male,235.173.153.125,Hungarian
83,Bonny,Le Breton De La Vieuville,blebretondelavieuville2a@nyu.edu,Female,203.112.205.199,Arabic
84,Pippa,Houlridge,phoulridge2b@surveymonkey.com,Female,29.248.181.53,Nepali
85,Antonino,Cockayme,acockayme2c@ft.com,Male,25.187.156.147,Chinese
86,Randal,Navarre,rnavarre2d@icq.com,Male,25.251.88.58,Hindi
87,Randi,Metzke,rmetzke2e@auda.org.au,Male,159.35.209.100,Swedish
88,Donnamarie,Warcop,dwarcop2f@mozilla.com,Female,33.10.117.166,Hindi
89,Sarette,Northidge,snorthidge2g@unicef.org,Female,186.242.46.143,Lithuanian
90,Esmaria,Leneve,eleneve2h@dot.gov,Female,208.137.163.100,Greek
91,Roxy,Stubbes,rstubbes2i@networkadvertising.org,Female,219.216.97.254,French
92,Arleen,Kyteley,akyteley2j@pen.io,Female,35.77.109.17,Hindi
93,Boyce,Borrington,bborrington2k@furl.net,Male,255.59.192.92,Spanish
94,Skippy,Hoff,shoff2l@people.com.cn,Male,68.43.48.33,Hindi
95,Marie-ann,Stuckow,mstuckow2m@rediff.com,Female,11.226.119.28,Dutch
96,Cynthie,Roubeix,croubeix2n@mysql.com,Female,116.2.146.188,Nepali
97,Sheridan,Willwood,swillwood2o@shareasale.com,Male,8.5.24.68,Spanish
98,Tersina,Waugh,twaugh2p@liveinternet.ru,Female,60.212.104.44,Russian
99,Whitney,Seller,wseller2q@bizjournals.com,Male,55.117.115.40,Swedish
100,Lyman,Sawter,lsawter2r@addthis.com,Male,172.51.86.227,Hindi
101,Newton,Ciepluch,nciepluch2s@tamu.edu,Male,145.182.60.223,Spanish
102,Arabele,Basil,abasil2t@purevolume.com,Female,236.223.223.200,Indonesian
103,Collen,Chanders,cchanders2u@comcast.net,Female,18.211.129.39,Greek
104,Eunice,Merrell,emerrell2v@home.pl,Female,46.170.126.100,Hungarian
105,Fernando,Wensley,fwensley2w@utexas.edu,Male,177.95.202.189,Russian
106,Adolphe,Copelli,acopelli2x@va.gov,Male,81.15.39.90,Chinese
107,Tobias,Margeram,tmargeram2y@hubpages.com,Male,153.221.10.228,Chinese
108,Hobie,Eastup,heastup2z@vistaprint.com,Male,137.231.121.83,Spanish
109,Cal,Gulston,cgulston30@vimeo.com,Female,153.74.119.163,Punjabi
110,Carolus,Adney,cadney31@cnbc.com,Male,113.184.165.164,Chinese
111,Thomas,Buglar,tbuglar32@independent.co.uk,Male,182.101.47.145,Chinese
112,Owen,Tern,otern33@berkeley.edu,Male,25.98.82.135,English
113,Foster,Matthisson,fmatthisson34@ycombinator.com,Male,2.199.31.154,English
114,Shaun,Flanders,sflanders35@utexas.edu,Male,145.78.78.146,Bengali
115,Haze,Girogetti,hgirogetti36@pen.io,Male,228.157.197.215,English
116,Cobby,Dohrmann,cdohrmann37@cargocollective.com,Male,205.207.24.83,English
117,Nettie,Tomaini,ntomaini38@ycombinator.com,Female,89.239.27.132,Hungarian
118,Britney,Maykin,bmaykin39@yale.edu,Female,251.85.33.138,Greek
119,Les,Sor,lsor3a@behance.net,Male,132.67.107.61,Irish Gaelic
120,Emmi,Blaksland,eblaksland3b@cloudflare.com,Female,32.232.239.62,Spanish
121,Benjamin,Kilford,bkilford3c@newsvine.com,Male,50.43.221.169,Swedish
122,Sybil,Pezey,spezey3d@google.com.au,Female,233.62.138.36,Nepali
123,Trent,Bawcock,tbawcock3e@reference.com,Male,12.54.223.17,Burmese
124,Wallache,Kasparski,wkasparski3f@discuz.net,Male,107.115.172.141,Lithuanian
125,Valera,Giovanetti,vgiovanetti3g@blog.com,Female,164.188.133.212,Chinese
126,Cherri,Swannell,cswannell3h@booking.com,Female,130.159.108.169,Irish Gaelic
127,Gipsy,Penburton,gpenburton3i@yahoo.co.jp,Female,123.68.29.170,Belarusian
128,Neila,Lindner,nlindner3j@simplemachines.org,Female,160.101.207.43,Portuguese
129,Leroi,Jorge,ljorge3k@mtv.com,Male,212.95.187.122,Catalan
130,Johny,Obray,jobray3l@house.gov,Male,223.210.6.77,Catalan
131,Gan,Rennolds,grennolds3m@g.co,Male,134.190.122.255,Swedish
132,Bartie,Sparham,bsparham3n@archive.org,Male,229.12.238.121,English
133,Fergus,Zorer,fzorer3o@newyorker.com,Male,45.221.244.74,Arabic
134,Druci,Millbank,dmillbank3p@flickr.com,Female,232.163.4.213,Arabic
135,Shandie,Ensley,sensley3q@a8.net,Female,206.37.160.6,Hindi
136,Jonas,Jakubovics,jjakubovics3r@istockphoto.com,Male,242.255.23.14,Spanish
137,Rabbi,Duigenan,rduigenan3s@delicious.com,Male,115.246.229.159,Zulu
138,Lyn,Dreigher,ldreigher3t@bravesites.com,Female,104.200.129.93,Thai
139,Cord,Quan,cquan3u@ebay.com,Male,4.125.61.186,Nepali
140,Caldwell,Lichtfoth,clichtfoth3v@hatena.ne.jp,Male,41.48.142.101,Norwegian
141,Tamqrah,Cotmore,tcotmore3w@sakura.ne.jp,Female,165.95.210.80,Arabic
142,Carlin,Brownhill,cbrownhill3x@a8.net,Female,209.166.35.205,Spanish
143,Sula,Knok,sknok3y@mashable.com,Female,220.18.117.29,Zulu
144,Bob,Lummis,blummis3z@home.pl,Male,125.92.180.149,Nepali
145,Abra,Commuzzo,acommuzzo40@slideshare.net,Female,1.113.70.175,Chinese
146,Georgie,Hanhart,ghanhart41@statcounter.com,Female,162.169.39.103,Russian
147,Berny,Furbank,bfurbank42@nationalgeographic.com,Female,89.95.136.19,Spanish
148,Hughie,Hopfer,hhopfer43@adobe.com,Male,231.125.181.169,English
149,Odella,Grindlay,ogrindlay44@taobao.com,Female,201.119.217.21,Hindi
150,Talya,Rapier,trapier45@tinypic.com,Female,133.108.82.35,Spanish
151,Rorke,Tinston,rtinston46@msu.edu,Male,84.30.33.11,Spanish
152,Luis,Frizzell,lfrizzell47@dropbox.com,Male,117.219.0.55,Spanish
153,Amitie,Tamlett,atamlett48@mapquest.com,Female,4.119.57.230,English
154,Reagan,Scimonelli,rscimonelli49@yolasite.com,Male,160.145.186.104,Russian
155,Maxie,Itzchaky,mitzchaky4a@furl.net,Male,245.223.16.213,Croatian
156,Bendite,Welburn,bwelburn4b@vimeo.com,Female,250.116.155.45,Spanish
157,Boycie,Rignoldes,brignoldes4c@sourceforge.net,Male,87.178.96.153,Finnish
158,Merry,McDonald,mmcdonald4d@seesaa.net,Male,236.25.107.8,French
159,Kalinda,Eul,keul4e@alexa.com,Female,156.69.0.216,French
160,Andrei,Faughny,afaughny4f@va.gov,Female,71.57.184.203,Hungarian
161,Sharai,Lines,slines4g@addtoany.com,Female,166.134.235.50,Azeri
162,Anita,Szreter,aszreter4h@scientificamerican.com,Female,122.134.158.222,Tswana
163,Jonell,Govinlock,jgovinlock4i@un.org,Female,34.193.234.241,French
164,Elnore,Mawditt,emawditt4j@constantcontact.com,Female,177.114.75.108,Polish
165,Farlie,Isaksson,fisaksson4k@dot.gov,Male,165.135.153.224,French
166,Mareah,Clunie,mclunie4l@hugedomains.com,Female,202.29.155.74,Kurdish
167,Sonny,Goulborne,sgoulborne4m@rediff.com,Male,228.241.245.114,English
168,Dionisio,Doneld,ddoneld4n@usatoday.com,Male,216.8.69.139,Thai
169,Caryl,Jilkes,cjilkes4o@163.com,Male,95.202.188.59,Indonesian
170,Stirling,Whiles,swhiles4p@taobao.com,Male,49.115.144.86,French
171,Beryle,Strowther,bstrowther4q@geocities.com,Female,8.71.62.228,French
172,Samuel,Benda,sbenda4r@shop-pro.jp,Male,144.189.58.93,Swahili
173,Martainn,Yuill,myuill4s@tripod.com,Male,121.171.148.160,Spanish
174,Link,Twidle,ltwidle4t@jigsy.com,Male,123.227.232.56,Chinese
175,Gayleen,Brave,gbrave4u@washington.edu,Female,120.7.36.87,Chinese
176,Danika,Brackenridge,dbrackenridge4v@omniture.com,Female,183.43.117.195,Estonian
177,Emilee,Bartot,ebartot4w@discovery.com,Female,66.226.162.221,Tswana
178,Petra,Hearfield,phearfield4x@indiatimes.com,Female,191.182.64.147,Romanian
179,Lorrie,McVane,lmcvane4y@jigsy.com,Female,8.151.246.105,Nepali
180,Grier,D'Abbot-Doyle,gdabbotdoyle4z@vinaora.com,Female,234.93.8.135,Catalan
181,Abbot,Siggins,asiggins50@chronoengine.com,Male,96.37.169.55,Lithuanian
182,Elli,Fortey,efortey51@newsvine.com,Female,5.92.146.143,Nepali
183,Rodger,MacClenan,rmacclenan52@hugedomains.com,Male,222.230.26.246,Hindi
184,Weber,Ganders,wganders53@printfriendly.com,Male,4.249.174.197,Chinese
185,Ebonee,McGloin,emcgloin54@diigo.com,Female,40.128.27.149,Hindi
186,Auberon,Thicking,athicking55@whitehouse.gov,Male,70.74.212.253,French
187,Reggie,Cortnay,rcortnay56@google.es,Male,43.177.77.254,Indonesian
188,Teriann,Brayson,tbrayson57@umich.edu,Female,17.239.189.219,Nepali
189,Bobby,Wolseley,bwolseley58@phoca.cz,Male,87.148.144.13,Burmese
190,Everard,Sachno,esachno59@google.cn,Male,197.44.37.128,Malayalam
191,Stevena,Whiston,swhiston5a@shareasale.com,Female,47.163.35.211,French
192,Natty,Holtom,nholtom5b@nifty.com,Female,189.121.108.111,Nepali
193,Burlie,Mc Gee,bmcgee5c@dell.com,Male,167.191.92.197,Georgian
194,Hasty,Duck,hduck5d@guardian.co.uk,Male,210.21.98.247,French
195,Neile,Menaul,nmenaul5e@columbia.edu,Female,45.56.226.89,Tswana
196,Kyle,Lawlor,klawlor5f@weibo.com,Male,142.127.181.80,Lithuanian
197,Gerri,Carrell,gcarrell5g@nih.gov,Male,230.21.79.89,Zulu
198,Darline,Joesbury,djoesbury5h@howstuffworks.com,Female,168.243.129.249,Norwegian
199,Cathrin,Rickaert,crickaert5i@abc.net.au,Female,153.198.166.232,Yiddish
200,Allis,Garratty,agarratty5j@free.fr,Female,56.208.71.208,French
201,Helenelizabeth,Nevinson,hnevinson5k@sphinn.com,Female,173.95.75.23,Catalan
202,Jasen,Stileman,jstileman5l@homestead.com,Male,140.60.73.4,English
203,Cindee,Elcombe,celcombe5m@mail.ru,Female,221.190.113.172,Spanish
204,Heloise,Fierman,hfierman5n@goo.gl,Female,93.156.149.51,Chinese
205,Neils,Foley,nfoley5o@histats.com,Male,39.221.107.72,Malayalam
206,Honor,Farnon,hfarnon5p@google.com.br,Female,120.83.240.215,Swahili
207,Brynne,Hentze,bhentze5q@bigcartel.com,Female,191.109.122.28,English
208,Orsola,Wessing,owessing5r@whitehouse.gov,Female,132.49.209.134,Malayalam
209,Pia,Wilgar,pwilgar5s@moonfruit.com,Female,201.60.132.232,Italian
210,Wallace,Barroux,wbarroux5t@sourceforge.net,Male,202.113.132.53,Danish
211,Lizbeth,Pain,lpain5u@mysql.com,Female,83.161.69.216,Guaran�_
212,Thane,Biggs,tbiggs5v@tuttocitta.it,Male,220.135.220.183,Guaran�_
213,Pennie,Maud,pmaud5w@nytimes.com,Male,172.241.154.212,Russian
214,Babbie,Stow,bstow5x@dropbox.com,Female,52.101.47.25,Hindi
215,Stepha,Riordan,sriordan5y@salon.com,Female,90.180.164.23,German
216,Dame,Wear,dwear5z@latimes.com,Male,45.179.107.209,Spanish
217,Evvie,Else,eelse60@virginia.edu,Female,201.199.43.55,Hungarian
218,Hunfredo,Bernardet,hbernardet61@liveinternet.ru,Male,106.188.119.56,Persian
219,Ruddy,Debling,rdebling62@dropbox.com,Male,50.58.255.163,Hindi
220,Lydon,Keays,lkeays63@buzzfeed.com,Male,6.249.43.153,Hungarian
221,Hamlin,Quarry,hquarry64@networkadvertising.org,Male,85.59.18.167,Arabic
222,Goldia,Barracks,gbarracks65@amazon.co.jp,Female,208.110.49.122,Lao
223,Farand,Durrans,fdurrans66@sfgate.com,Female,209.85.157.103,Greek
224,Nataniel,Kuhwald,nkuhwald67@unc.edu,Male,215.70.108.226,Dutch
225,Ron,Treske,rtreske68@nasa.gov,Male,201.133.44.108,Luxembourgish
226,Chicky,Kidder,ckidder69@indiatimes.com,Male,13.170.175.16,Russian
227,Ingelbert,Burgise,iburgise6a@meetup.com,Male,152.27.169.118,M��ori
228,Hatti,Tellesson,htellesson6b@imdb.com,Female,247.69.121.96,Spanish
229,Erica,Gissop,egissop6c@zdnet.com,Female,155.19.136.82,Azeri
230,Robert,Lentsch,rlentsch6d@canalblog.com,Male,164.250.64.190,English
231,Dirk,Lackinton,dlackinton6e@acquirethisname.com,Male,122.170.210.204,English
232,Shandee,Ansley,sansley6f@deviantart.com,Female,24.158.51.197,Bengali
233,Alfie,Normanvill,anormanvill6g@gov.uk,Female,50.132.74.185,Kurdish
234,Merralee,Kiffe,mkiffe6h@nytimes.com,Female,116.165.68.65,Spanish
235,Nicolas,Norfolk,nnorfolk6i@github.com,Male,146.253.84.207,Chinese
236,Madelina,Gellert,mgellert6j@blinklist.com,Female,186.245.161.160,Punjabi
237,Clari,Babalola,cbabalola6k@shop-pro.jp,Female,9.39.250.184,Russian
238,Don,Hinemoor,dhinemoor6l@latimes.com,Male,46.232.21.117,Norwegian
239,Morse,Beardsley,mbeardsley6m@meetup.com,Male,157.170.143.160,Russian
240,Adore,Birmingham,abirmingham6n@boston.com,Female,99.43.238.233,Greek
241,Tamarah,Balsdon,tbalsdon6o@people.com.cn,Female,111.244.101.51,Russian
242,Marwin,Rosenfelt,mrosenfelt6p@mozilla.org,Male,162.170.65.111,Croatian
243,Wayland,Millson,wmillson6q@instagram.com,Male,126.115.27.249,Spanish
244,Yasmin,Zanardii,yzanardii6r@sohu.com,Female,4.68.29.167,English
245,Michail,Armor,marmor6s@technorati.com,Male,53.95.170.168,Spanish
246,Barbee,Donlon,bdonlon6t@yahoo.co.jp,Female,197.6.100.130,Tamil
247,Suzette,Saleway,ssaleway6u@wunderground.com,Female,236.158.160.155,French
248,Corey,Islep,cislep6v@behance.net,Female,71.193.102.65,English
249,Aksel,McCory,amccory6w@vistaprint.com,Male,245.251.203.171,Japanese
250,Olivette,Copestake,ocopestake6x@comsenz.com,Female,36.159.235.245,Spanish
251,Sebastiano,Coggins,scoggins6y@issuu.com,Male,253.0.164.192,Belarusian
252,Ricky,Sheircliffe,rsheircliffe6z@infoseek.co.jp,Female,149.104.74.251,Chinese
253,Farlay,Ourtic,fourtic70@discuz.net,Male,201.64.52.205,Japanese
254,Ingra,Cranmer,icranmer71@over-blog.com,Male,182.172.128.26,Tswana
255,Kaylyn,Licquorish,klicquorish72@csmonitor.com,Female,180.107.150.86,Spanish
256,Heindrick,Hannum,hhannum73@weebly.com,Male,142.103.33.47,English
257,Elsworth,Fearnyough,efearnyough74@mozilla.com,Male,220.90.146.148,German
258,Helsa,McGilbon,hmcgilbon75@symantec.com,Female,151.242.188.28,Romanian
259,Donall,Rayment,drayment76@example.com,Male,33.102.194.116,Belarusian
260,Gweneth,Robertot,grobertot77@mapy.cz,Female,115.15.69.237,Danish
261,Juan,Barstow,jbarstow78@who.int,Male,120.19.202.243,English
262,Mitchael,Meller,mmeller79@youtu.be,Male,177.255.59.59,Chinese
263,Donall,Mowatt,dmowatt7a@apple.com,Male,9.117.49.147,Italian
264,Korry,Grady,kgrady7b@hugedomains.com,Female,246.46.36.103,English
265,Hew,Hannent,hhannent7c@cbsnews.com,Male,212.164.240.128,Polish
266,Maxwell,Quincee,mquincee7d@nba.com,Male,15.193.150.176,Romanian
267,Sol,Daffey,sdaffey7e@google.ru,Male,143.103.25.36,English
268,Ivette,Crosser,icrosser7f@virginia.edu,Female,31.123.116.196,Albanian
269,Eddi,Stanger,estanger7g@cafepress.com,Female,66.239.132.73,French
270,Bevon,Enevoldsen,benevoldsen7h@businesswire.com,Male,171.121.251.252,Hindi
271,Rania,Matches,rmatches7i@samsung.com,Female,102.127.87.32,Bengali
272,Raul,Mettrick,rmettrick7j@ed.gov,Male,120.116.246.143,Romanian
273,Sena,Meus,smeus7k@msu.edu,Female,17.251.234.49,Chinese
274,Bobette,Etchingham,betchingham7l@diigo.com,Female,169.89.118.40,French
275,Staford,Lackham,slackham7m@github.com,Male,170.188.41.176,Mongolian
276,Bradly,Simic,bsimic7n@eventbrite.com,Male,89.110.207.139,Hungarian
277,Nelli,Byk,nbyk7o@creativecommons.org,Female,158.192.240.60,Chinese
278,Neils,Martinez,nmartinez7p@youku.com,Male,7.97.242.208,Russian
279,Dennie,Spolton,dspolton7q@csmonitor.com,Male,238.206.190.23,Belarusian
280,Ardine,Wadesworth,awadesworth7r@wiley.com,Female,66.50.4.131,Hindi
281,Alyse,Mynett,amynett7s@yale.edu,Female,45.165.101.2,Portuguese
282,Blair,Ollin,bollin7t@topsy.com,Female,96.38.120.139,Swahili
283,Neville,Southernwood,nsouthernwood7u@imdb.com,Male,240.176.252.139,Russian
284,Cornie,Mount,cmount7v@aboutads.info,Female,31.213.245.91,Hindi
285,Eunice,Doyle,edoyle7w@theglobeandmail.com,Female,32.125.35.190,Russian
286,Anatola,Prettejohns,aprettejohns7x@trellian.com,Female,69.72.125.121,Swahili
287,Hamil,Lawlie,hlawlie7y@archive.org,Male,145.178.216.208,French
288,Angie,Treweke,atreweke7z@cloudflare.com,Female,147.51.51.191,Catalan
289,Frankie,Gifford,fgifford80@discovery.com,Female,24.214.167.237,French
290,Cobby,Kubat,ckubat81@histats.com,Male,31.145.136.57,English
291,Chrissie,Smead,csmead82@prweb.com,Male,225.100.192.226,Chinese
292,Valry,Zielinski,vzielinski83@netvibes.com,Female,61.19.247.20,Hindi
293,Johnath,Somerled,jsomerled84@auda.org.au,Female,158.134.96.137,French
294,Antony,Regorz,aregorz85@tiny.cc,Male,252.147.170.232,Spanish
295,Susanne,Acum,sacum86@comsenz.com,Female,177.28.181.95,Kurdish
296,Elsie,Starmore,estarmore87@shutterfly.com,Female,214.38.92.102,Hindi
297,Therese,Ostick,tostick88@smh.com.au,Female,5.154.101.146,Polish
298,Justinian,Heaker,jheaker89@pbs.org,Male,248.73.39.239,Arabic
299,Quincy,Stud,qstud8a@etsy.com,Male,124.229.54.181,Lithuanian
300,Paxton,Fitzer,pfitzer8b@bbb.org,Male,40.19.217.234,Chinese
301,Lilla,Pott,lpott8c@microsoft.com,Female,91.245.232.66,Filipino
302,Oralia,Marie,omarie8d@youtu.be,Female,108.69.35.190,Spanish
303,Druci,Bullivent,dbullivent8e@instagram.com,Female,55.74.115.142,Malayalam
304,Kelwin,Jeannin,kjeannin8f@reddit.com,Male,94.87.58.162,Estonian
305,Huntlee,Apps,happs8g@github.io,Male,59.11.210.103,Greek
306,Gonzales,Collop,gcollop8h@slideshare.net,Male,21.227.38.89,French
307,Lacey,Matkin,lmatkin8i@guardian.co.uk,Female,110.35.251.145,Russian
308,Bo,Pattinson,bpattinson8j@discuz.net,Male,187.242.15.57,Croatian
309,Conchita,Patnelli,cpatnelli8k@columbia.edu,Female,112.128.13.150,Armenian
310,Mischa,Schoolfield,mschoolfield8l@meetup.com,Male,37.108.222.252,English
311,Gaylor,Czajka,gczajka8m@amazon.co.jp,Male,160.228.21.204,Russian
312,Shanta,Girardin,sgirardin8n@addthis.com,Female,65.141.127.18,Indonesian
313,Evy,Coleborn,ecoleborn8o@hatena.ne.jp,Female,197.76.5.145,Greek
314,Gabe,Carder,gcarder8p@a8.net,Male,205.175.28.100,Korean
315,Sebastiano,Carabet,scarabet8q@about.me,Male,7.228.49.47,English
316,Peterus,O'Henecan,pohenecan8r@technorati.com,Male,4.96.215.8,Hindi
317,Reagan,Dallas,rdallas8s@dedecms.com,Male,110.16.149.136,Arabic
318,Cull,Corsar,ccorsar8t@so-net.ne.jp,Male,212.63.36.20,Greek
319,Hettie,Blakey,hblakey8u@nifty.com,Female,44.223.76.108,Portuguese
320,Alejoa,Lordon,alordon8v@is.gd,Male,85.74.197.159,Amharic
321,Faun,Rubbens,frubbens8w@facebook.com,Female,188.30.251.204,Arabic
322,Kippie,Smelley,ksmelley8x@yandex.ru,Male,197.129.125.8,Nepali
323,Jasmina,Ravillas,jravillas8y@posterous.com,Female,199.222.52.249,French
324,Farly,oldey,foldey8z@adobe.com,Male,76.230.109.126,Swedish
325,Krystal,Cardinal,kcardinal90@vistaprint.com,Female,232.152.174.15,Chinese
326,Reba,Siemianowicz,rsiemianowicz91@ucoz.com,Female,181.66.240.145,Filipino
327,Bernadette,Cambden,bcambden92@e-recht24.de,Female,244.38.213.68,Spanish
328,Catina,Vern,cvern93@unesco.org,Female,77.212.6.147,Spanish
329,Tracy,Ruler,truler94@umich.edu,Male,128.128.101.68,French
330,Kimble,Riepl,kriepl95@gnu.org,Male,201.182.55.212,Hindi
331,Belle,McNelly,bmcnelly96@blinklist.com,Female,101.52.174.111,Japanese
332,Nataniel,Cousens,ncousens97@bbc.co.uk,Male,230.8.148.84,Burmese
333,Beauregard,Layus,blayus98@fastcompany.com,Male,210.251.247.222,Chinese
334,Ali,Yeude,ayeude99@ning.com,Female,6.198.210.120,Irish Gaelic
335,Tiffani,Leeman,tleeman9a@sina.com.cn,Female,119.102.47.22,Dutch
336,Fayre,Waby,fwaby9b@patch.com,Female,144.3.23.159,Hebrew
337,Tedda,Scroggie,tscroggie9c@goo.ne.jp,Female,250.166.88.68,English
338,Kane,Muselli,kmuselli9d@businesswire.com,Male,125.71.88.178,Lithuanian
339,Wallace,Fidler,wfidler9e@economist.com,Male,69.56.89.122,Hindi
340,Nefen,Wannan,nwannan9f@purevolume.com,Male,148.213.184.35,Tswana
341,Tabor,Duckwith,tduckwith9g@cisco.com,Male,45.157.125.234,Spanish
342,Cordi,Longhorne,clonghorne9h@unblog.fr,Female,124.47.136.164,Luxembourgish
343,Albie,Attwoull,aattwoull9i@purevolume.com,Male,176.163.150.197,Arabic
344,Jessamine,Houseley,jhouseley9j@narod.ru,Female,120.146.142.142,Chinese
345,Roz,Petken,rpetken9k@amazonaws.com,Female,229.238.23.23,English
346,Flory,Straffon,fstraffon9l@feedburner.com,Female,92.214.98.49,English
347,Cully,Warrington,cwarrington9m@webnode.com,Male,248.103.209.98,Catalan
348,Delcina,Graveson,dgraveson9n@ftc.gov,Female,102.119.248.133,Spanish
349,Aldus,Palffrey,apalffrey9o@marriott.com,Male,128.100.29.229,Azeri
350,Nert,Gaythwaite,ngaythwaite9p@sphinn.com,Female,104.90.179.0,Czech
351,Grover,Cosin,gcosin9q@diigo.com,Male,85.135.199.97,Greek
352,Astrid,Duley,aduley9r@springer.com,Female,230.107.76.214,Hindi
353,Livy,Blackburne,lblackburne9s@hao123.com,Female,181.48.118.134,Pashto
354,Mortimer,Rembrant,mrembrant9t@cargocollective.com,Male,107.193.1.77,Punjabi
355,Farly,Yurevich,fyurevich9u@sogou.com,Male,141.215.188.248,Spanish
356,Kellie,Shingler,kshingler9v@yahoo.co.jp,Female,71.114.219.35,Filipino
357,Andrew,Shevlin,ashevlin9w@csmonitor.com,Male,115.220.188.23,Hindi
358,Brade,Paolone,bpaolone9x@shinystat.com,Male,189.174.7.96,Czech
359,Wain,Molden,wmolden9y@taobao.com,Male,233.212.9.135,English
360,Ted,Griffitt,tgriffitt9z@usnews.com,Male,28.164.182.127,Spanish
361,Borg,Dungay,bdungaya0@ocn.ne.jp,Male,160.96.112.223,French
362,Jacqueline,Kobes,jkobesa1@printfriendly.com,Female,235.235.67.113,Hebrew
363,Daloris,Stearnes,dstearnesa2@photobucket.com,Female,43.213.64.223,German
364,Selig,Stears,sstearsa3@examiner.com,Male,118.69.63.136,Italian
365,Tina,Eardley,teardleya4@seattletimes.com,Female,244.219.145.220,Hebrew
366,Arleen,Aves,aavesa5@gov.uk,Female,229.219.225.100,Japanese
367,Arvie,Sacaze,asacazea6@google.nl,Male,194.45.38.193,Polish
368,Daren,M'Quharg,dmquharga7@qq.com,Male,208.176.48.49,Spanish
369,Butch,Hawkin,bhawkina8@alibaba.com,Male,242.96.108.83,Chinese
370,Karrie,Arnfield,karnfielda9@dailymotion.com,Female,149.134.238.37,Russian
371,Denny,Milligan,dmilliganaa@guardian.co.uk,Male,19.86.61.35,Belarusian
372,Mag,Lumley,mlumleyab@redcross.org,Female,166.169.228.189,Catalan
373,Reade,Fleischer,rfleischerac@lulu.com,Male,165.23.179.55,Burmese
374,Dave,Novakovic,dnovakovicad@va.gov,Male,52.59.97.13,Bulgarian
375,Ingram,Maunder,imaunderae@homestead.com,Male,39.100.170.2,Polish
376,Clement,Eckford,ceckfordaf@newsvine.com,Male,109.30.73.128,English
377,Washington,Esh,weshag@skype.com,Male,180.182.19.177,Chinese
378,Carlene,Ingleson,cinglesonah@tmall.com,Female,51.244.96.30,French
379,Ina,Tolomei,itolomeiai@netvibes.com,Female,53.112.65.92,English
380,Porter,Ossipenko,possipenkoaj@apache.org,Male,202.165.72.217,Amharic
381,Tabatha,Penquet,tpenquetak@yelp.com,Female,215.139.170.4,English
382,Paxton,Ferenczi,pferenczial@eventbrite.com,Male,246.109.85.4,Danish
383,Abbot,Macconachy,amacconachyam@godaddy.com,Male,84.102.247.110,Georgian
384,Mickey,Jewers,mjewersan@cocolog-nifty.com,Male,74.154.18.243,Chinese
385,Tabbatha,Jentet,tjentetao@sina.com.cn,Female,1.152.69.16,Punjabi
386,Kimberli,Prudham,kprudhamap@engadget.com,Female,64.159.60.200,Greek
387,Anatole,Finden,afindenaq@istockphoto.com,Male,43.94.122.76,Russian
388,Mozes,Bergstram,mbergstramar@illinois.edu,Male,252.222.47.235,Spanish
389,Jane,Grimshaw,jgrimshawas@reverbnation.com,Female,37.147.209.70,Amharic
390,Weidar,Schult,wschultat@nature.com,Male,74.111.114.240,Yiddish
391,Constancia,Angel,cangelau@illinois.edu,Female,215.233.156.86,Nepali
392,Fonzie,Graffham,fgraffhamav@ftc.gov,Male,46.231.62.233,Arabic
393,Fabiano,Pluthero,fplutheroaw@goo.gl,Male,231.169.185.158,Guaran�_
394,Kerri,Clerke,kclerkeax@mapquest.com,Female,38.27.39.204,Kurdish
395,Kirstyn,Southeran,ksoutheranay@vkontakte.ru,Female,199.194.222.3,Armenian
396,Mendel,Woodwing,mwoodwingaz@domainmarket.com,Male,0.202.205.189,Kurdish
397,Devon,Bierling,dbierlingb0@tinypic.com,Female,57.105.151.202,Chinese
398,Rees,Dumingos,rdumingosb1@sphinn.com,Male,48.201.188.247,Russian
399,Alexio,Wheater,awheaterb2@globo.com,Male,216.178.53.103,French
400,Salomi,Innocenti,sinnocentib3@lulu.com,Female,245.34.166.36,Dutch
401,Aggy,McChesney,amcchesneyb4@google.co.uk,Female,101.180.125.110,Finnish
402,Allin,Wombwell,awombwellb5@vkontakte.ru,Male,75.192.225.183,Hungarian
403,Devlin,Beatty,dbeattyb6@discuz.net,Male,196.61.34.126,English
404,Merv,Abramino,mabraminob7@merriam-webster.com,Male,99.54.126.139,Hindi
405,Scarface,Philpin,sphilpinb8@over-blog.com,Male,52.204.89.211,Indonesian
406,Lusa,De Ortega,ldeortegab9@prweb.com,Female,7.125.104.38,Korean
407,Grange,Osgodby,gosgodbyba@51.la,Male,228.26.148.225,Thai
408,Catrina,Cummine,ccumminebb@mapquest.com,Female,25.47.201.215,Spanish
409,Derek,Eve,devebc@aol.com,Male,41.81.174.138,Hindi
410,Tiphani,Waggett,twaggettbd@flavors.me,Female,168.71.9.18,Tamil
411,Dionne,Steed,dsteedbe@cocolog-nifty.com,Female,10.147.30.135,Chinese
412,Lynelle,Mc Menamin,lmcmenaminbf@mysql.com,Female,226.196.25.90,English
413,Shelbi,Spritt,ssprittbg@artisteer.com,Female,209.84.235.112,Filipino
414,Gardie,Rolstone,grolstonebh@pinterest.com,Male,34.170.39.128,English
415,Liv,Guirau,lguiraubi@skyrock.com,Female,109.134.223.90,Nepali
416,Zed,Garrand,zgarrandbj@state.gov,Male,213.29.226.160,Chinese
417,Pansy,Brierton,pbriertonbk@vkontakte.ru,Female,96.241.157.158,English
418,Far,Marre,fmarrebl@auda.org.au,Male,113.162.227.77,English
419,Beatrice,Coolahan,bcoolahanbm@psu.edu,Female,89.243.143.63,Irish Gaelic
420,Georgie,Niven,gnivenbn@google.co.jp,Male,1.54.139.130,Azeri
421,Belvia,Flescher,bflescherbo@domainmarket.com,Female,144.34.127.89,Spanish
422,Roxine,Bister,rbisterbp@thetimes.co.uk,Female,115.95.115.68,English
423,Janine,Mirams,jmiramsbq@jalbum.net,Female,75.60.225.1,Azeri
424,Alaster,Eberdt,aeberdtbr@flickr.com,Male,218.188.65.96,Yiddish
425,Kaia,Beneix,kbeneixbs@squarespace.com,Female,216.112.96.14,Japanese
426,Libbey,Wort,lwortbt@sciencedaily.com,Female,142.146.246.100,Azeri
427,Lulu,Gremane,lgremanebu@cbc.ca,Female,33.118.151.254,French
428,Katalin,Jakovijevic,kjakovijevicbv@oakley.com,Female,192.185.238.255,Greek
429,Tanya,Filliskirk,tfilliskirkbw@tuttocitta.it,Female,6.59.22.118,Polish
430,Tedd,Greenman,tgreenmanbx@163.com,Male,187.158.45.224,English
431,Frants,Hartegan,fharteganby@statcounter.com,Male,112.199.149.27,Croatian
432,Lucina,Olyonov,lolyonovbz@chicagotribune.com,Female,119.64.245.174,Danish
433,Aurore,Pattisson,apattissonc0@techcrunch.com,Female,16.114.197.59,Hebrew
434,Barry,Westwell,bwestwellc1@chron.com,Male,135.63.253.196,Swedish
435,Larry,Geffinger,lgeffingerc2@nifty.com,Male,185.54.80.44,Hindi
436,Lucius,Coil,lcoilc3@booking.com,Male,239.0.199.248,English
437,Simona,O'Halloran,sohalloranc4@cnet.com,Female,193.116.222.141,Japanese
438,Florry,Oseman,fosemanc5@shinystat.com,Female,221.79.96.166,Luxembourgish
439,Micheil,Litherborough,mlitherboroughc6@mozilla.org,Male,77.71.137.227,Azeri
440,Mora,Kelk,mkelkc7@si.edu,Female,63.167.128.230,Indonesian
441,Guenevere,Spillman,gspillmanc8@epa.gov,Female,11.60.82.150,Greek
442,Doe,Nudde,dnuddec9@furl.net,Female,45.59.2.96,Spanish
443,Sanford,Blampey,sblampeyca@addtoany.com,Male,112.169.220.196,Chinese
444,Maison,Pitway,mpitwaycb@accuweather.com,Male,183.36.245.196,Armenian
445,Dalila,Benedyktowicz,dbenedyktowiczcc@ask.com,Female,14.78.100.116,Spanish
446,Gabriela,Velez,gvelezcd@infoseek.co.jp,Female,38.237.35.185,Chinese
447,Kelvin,Houten,khoutence@netscape.com,Male,143.161.85.196,M��ori
448,Carlin,Leavry,cleavrycf@weather.com,Male,247.184.60.8,English
449,Teodorico,Hagston,thagstoncg@google.ru,Male,202.213.174.131,English
450,Trista,Cogswell,tcogswellch@fc2.com,Female,49.81.137.49,English
451,Curr,Drinkwater,cdrinkwaterci@wix.com,Male,140.11.93.145,English
452,Walsh,Riolfi,wriolficj@youtube.com,Male,216.137.161.199,Spanish
453,Gayelord,Grimstead,ggrimsteadck@rakuten.co.jp,Male,98.214.228.112,Spanish
454,Man,Northley,mnorthleycl@weather.com,Male,49.214.82.163,English
455,Siana,Stammers,sstammerscm@skype.com,Female,91.65.69.122,Bulgarian
456,Louisa,Crottagh,lcrottaghcn@ameblo.jp,Female,201.193.7.27,Spanish
457,Seline,Sheffield,ssheffieldco@prlog.org,Female,250.23.120.48,English
458,Lelia,Merwede,lmerwedecp@ameblo.jp,Female,114.58.76.210,Hindi
459,Yvon,Mark,ymarkcq@census.gov,Male,243.31.91.9,Spanish
460,Idaline,Jeanes,ijeanescr@topsy.com,Female,53.203.104.54,French
461,Shae,Garrand,sgarrandcs@howstuffworks.com,Female,146.242.42.9,Persian
462,Carry,Okell,cokellct@nymag.com,Female,186.161.217.9,Dutch
463,Shandee,Allflatt,sallflattcu@weather.com,Female,80.181.67.227,Tamil
464,Miran,Laffling,mlafflingcv@va.gov,Female,237.251.208.35,Hindi
465,Hew,Brackpool,hbrackpoolcw@opera.com,Male,3.167.133.36,Indonesian
466,Cristie,Wolffers,cwolfferscx@wordpress.com,Female,191.68.113.171,Hindi
467,Mada,Mudd,mmuddcy@bloglovin.com,Female,1.29.39.49,Arabic
468,Dev,Vanner,dvannercz@weather.com,Male,240.225.142.65,Yiddish
469,Patric,Goodliffe,pgoodliffed0@google.co.jp,Male,235.39.98.5,Malayalam
470,Aron,Geraudel,ageraudeld1@gravatar.com,Male,117.12.115.125,Tswana
471,Tandi,Nucator,tnucatord2@oracle.com,Female,22.219.111.149,Tamil
472,Bonnee,Skamell,bskamelld3@cnbc.com,Female,32.5.112.218,Spanish
473,Gaspard,Harding,ghardingd4@nymag.com,Male,247.79.141.62,Arabic
474,Allsun,Olivi,aolivid5@trellian.com,Female,41.84.13.92,M��ori
475,Matthieu,Monard,mmonardd6@bravesites.com,Male,244.207.232.169,Spanish
476,Sharia,Wakes,swakesd7@google.it,Female,219.106.168.62,English
477,Valeda,Coady,vcoadyd8@google.ru,Female,153.122.51.126,English
478,Melamie,Porson,mporsond9@biglobe.ne.jp,Female,214.1.88.203,Pashto
479,Lorena,Charke,lcharkeda@4shared.com,Female,100.6.68.148,Russian
480,Katharina,Brosetti,kbrosettidb@networksolutions.com,Female,23.209.79.114,Kurdish
481,Con,Damarell,cdamarelldc@google.pl,Male,213.251.243.53,Spanish
482,Diandra,Ayllett,dayllettdd@usatoday.com,Female,93.6.166.60,Bengali
483,Welch,Minihan,wminihande@globo.com,Male,9.161.0.132,Chinese
484,Lindie,Bolan,lbolandf@youku.com,Female,66.92.156.247,Croatian
485,Ronna,Odgers,rodgersdg@illinois.edu,Female,172.207.73.69,Bulgarian
486,Ludovico,Gyurko,lgyurkodh@facebook.com,Male,28.177.33.110,English
487,Dalenna,Beedon,dbeedondi@wisc.edu,Female,228.166.134.241,English
488,Clayson,Tillyer,ctillyerdj@163.com,Male,170.188.34.195,Russian
489,Sebastian,Simoens,ssimoensdk@wp.com,Male,185.52.80.95,Dutch
490,Wendy,Maultby,wmaultbydl@so-net.ne.jp,Female,101.26.129.34,Lao
491,Haze,Dosdale,hdosdaledm@go.com,Male,42.220.41.171,Hindi
492,Leonard,Ozintsev,lozintsevdn@clickbank.net,Male,137.239.66.181,French
493,Lemuel,Bierton,lbiertondo@telegraph.co.uk,Male,87.98.245.42,French
494,Eveline,Lamb,elambdp@tumblr.com,Female,36.79.239.211,M��ori
495,Giraud,Dade,gdadedq@opera.com,Male,245.131.21.241,Filipino
496,Stephen,Dreini,sdreinidr@sfgate.com,Male,227.182.191.170,Bulgarian
497,Meredithe,Saphin,msaphinds@hhs.gov,Female,118.179.82.180,Kurdish
498,Jarrad,Giblin,jgiblindt@tamu.edu,Male,151.94.142.183,English
499,Cooper,Machent,cmachentdu@tuttocitta.it,Male,105.228.187.15,Chinese
500,Con,Geeson,cgeesondv@flickr.com,Female,36.201.103.243,Spanish
501,Georgine,Thurber,gthurberdw@salon.com,Female,68.113.158.194,Chinese
502,Alasdair,Gallymore,agallymoredx@adobe.com,Male,86.110.185.239,Hindi
503,Tawsha,Gilberthorpe,tgilberthorpedy@myspace.com,Female,91.242.71.139,Arabic
504,Randell,Macieiczyk,rmacieiczykdz@meetup.com,Male,56.150.157.244,Spanish
505,Lonny,Arghent,larghente0@tumblr.com,Male,195.137.139.83,English
506,Baxy,Rosenschein,brosenscheine1@loc.gov,Male,72.64.12.117,English
507,Hastings,Peert,hpeerte2@topsy.com,Male,26.218.253.47,Mongolian
508,Sibyl,Lavallie,slavalliee3@abc.net.au,Female,221.128.133.34,Hindi
509,Kenon,MacCallester,kmaccallestere4@list-manage.com,Male,128.147.6.54,Danish
510,Conchita,Baldacco,cbaldaccoe5@miibeian.gov.cn,Female,185.75.127.161,Hindi
511,Meridel,Hubbis,mhubbise6@angelfire.com,Female,158.93.13.178,Hindi
512,Pattin,Webb,pwebbe7@nyu.edu,Male,170.85.64.91,Russian
513,Guillema,Hawse,ghawsee8@cdbaby.com,Female,2.43.12.227,Dutch
514,Jerome,McFaul,jmcfaule9@google.pl,Male,151.89.198.25,Amharic
515,Bernie,Clowney,bclowneyea@nyu.edu,Female,137.32.234.48,Chinese
516,Prissie,Bedells,pbedellseb@businessinsider.com,Female,68.234.163.142,Arabic
517,Petra,Tailby,ptailbyec@icq.com,Female,76.253.54.25,Spanish
518,Monty,Saltsberg,msaltsberged@moonfruit.com,Male,172.33.161.106,Filipino
519,Reece,Stitt,rstittee@accuweather.com,Male,242.124.192.39,Hungarian
520,Gottfried,Hyndes,ghyndesef@1688.com,Male,35.48.180.151,Polish
521,Dillie,Ansty,danstyeg@alibaba.com,Male,59.212.216.222,English
522,Langsdon,Slamaker,lslamakereh@lycos.com,Male,136.5.130.67,Hungarian
523,Farly,Baldetti,fbaldettiei@newyorker.com,Male,104.95.160.169,Chinese
524,Warner,Draaisma,wdraaismaej@examiner.com,Male,84.179.93.84,Spanish
525,Hyacinthia,Chatell,hchatellek@pinterest.com,Female,117.248.157.223,Chinese
526,Liz,Tempest,ltempestel@craigslist.org,Female,34.191.15.16,Malayalam
527,Francesca,Waything,fwaythingem@barnesandnoble.com,Female,145.234.77.49,Chinese
528,Nonah,Kearton,nkeartonen@mozilla.com,Female,162.40.22.77,Persian
529,Stesha,McGann,smcganneo@comsenz.com,Female,118.11.175.102,M��ori
530,Logan,Davies,ldaviesep@zdnet.com,Male,28.157.238.163,Spanish
531,Demetre,Avesque,davesqueeq@godaddy.com,Male,25.135.89.236,Russian
532,Ezra,Atmore,eatmoreer@spiegel.de,Male,22.184.8.230,Chinese
533,Estel,Lejeune,elejeunees@ihg.com,Female,146.203.70.199,French
534,Cazzie,Stapels,cstapelset@mozilla.org,Male,122.180.27.212,Mongolian
535,Rubie,Wildman,rwildmaneu@xing.com,Female,187.235.245.25,Spanish
536,Zachariah,Darragon,zdarragonev@miitbeian.gov.cn,Male,192.64.109.141,Hindi
537,Tally,Saurat,tsauratew@vk.com,Female,199.232.55.149,Spanish
538,Erin,Saltmarshe,esaltmarsheex@prweb.com,Male,80.0.31.171,Chinese
539,Leeann,Dent,ldentey@skype.com,Female,91.170.229.19,Indonesian
540,Ranice,Medlen,rmedlenez@yelp.com,Female,180.155.6.126,Spanish
541,Donavon,Antonietti,dantoniettif0@csmonitor.com,Male,159.21.206.153,Belarusian
542,Fair,Moorwood,fmoorwoodf1@studiopress.com,Male,235.240.182.97,Dutch
543,Lindy,Husby,lhusbyf2@time.com,Male,56.18.112.10,Hungarian
544,Cad,Golland,cgollandf3@elegantthemes.com,Male,181.14.37.244,English
545,Tomkin,Maine,tmainef4@amazon.co.uk,Male,106.22.79.29,Czech
546,Tabby,Gudgeon,tgudgeonf5@apache.org,Male,50.149.167.62,Bulgarian
547,Mordecai,Haswell,mhaswellf6@paginegialle.it,Male,20.64.76.12,Zulu
548,John,Wingrove,jwingrovef7@hatena.ne.jp,Male,38.64.51.119,Russian
549,Lishe,Zanettini,lzanettinif8@i2i.jp,Female,6.134.66.75,Filipino
550,Marice,Dyke,mdykef9@pen.io,Female,178.232.1.121,Filipino
551,Fanchette,Peile,fpeilefa@google.de,Female,88.95.5.75,Spanish
552,Cy,Statton,cstattonfb@salon.com,Male,189.21.16.37,Hindi
553,Lamond,Volks,lvolksfc@reference.com,Male,112.249.57.189,English
554,Stephanus,Blunsum,sblunsumfd@people.com.cn,Male,159.48.220.162,Irish Gaelic
555,Jaquenette,Backsal,jbacksalfe@tumblr.com,Female,183.161.196.215,Spanish
556,Imogene,Culley,iculleyff@google.fr,Female,41.223.218.203,Filipino
557,Ellswerth,Askaw,easkawfg@soundcloud.com,Male,61.145.160.10,English
558,Ruddy,Dewi,rdewifh@deliciousdays.com,Male,188.156.236.84,English
559,Eberhard,Tunder,etunderfi@kickstarter.com,Male,70.9.76.247,Bulgarian
560,Sunny,Shurrocks,sshurrocksfj@addtoany.com,Male,230.253.147.9,Hindi
561,Haley,Timby,htimbyfk@vk.com,Female,203.207.228.163,Chinese
562,Griffith,Allaker,gallakerfl@ask.com,Male,54.103.200.175,Hindi
563,Parrnell,Stemson,pstemsonfm@oracle.com,Male,12.23.3.247,Yiddish
564,Gillan,Ruffy,gruffyfn@skyrock.com,Female,109.26.16.97,Thai
565,Ethyl,Clelle,eclellefo@cloudflare.com,Female,243.118.168.189,Amharic
566,Jasmina,Pott,jpottfp@jiathis.com,Female,121.1.213.13,Portuguese
567,Tanya,Quiddington,tquiddingtonfq@usatoday.com,Female,3.150.184.186,Zulu
568,Ruthy,Bland,rblandfr@omniture.com,Female,223.52.148.54,Romanian
569,Andree,Elie,aeliefs@forbes.com,Female,143.179.11.255,Spanish
570,Demetri,Stritton,dstrittonft@rakuten.co.jp,Male,199.145.193.27,Polish
571,Roman,Loos,rloosfu@yandex.ru,Male,121.20.153.135,English
572,Constantina,Raun,craunfv@example.com,Female,155.43.154.172,Malayalam
573,Noel,Sacchetti,nsacchettifw@mtv.com,Male,234.205.229.212,Norwegian
574,Edlin,Rotter,erotterfx@wp.com,Male,84.148.182.211,French
575,Rand,Edmons,redmonsfy@liveinternet.ru,Male,201.108.37.7,Spanish
576,Abbie,Mosen,amosenfz@bandcamp.com,Male,117.221.147.64,Spanish
577,Ryan,Dybell,rdybellg0@php.net,Male,116.198.198.195,Chinese
578,Antoinette,Bowland,abowlandg1@amazon.co.uk,Female,48.190.204.114,Chinese
579,Brandais,Hawes,bhawesg2@quantcast.com,Female,43.9.226.216,English
580,Ronnie,Spencelayh,rspencelayhg3@redcross.org,Female,226.66.39.156,Persian
581,Marna,Waple,mwapleg4@livejournal.com,Female,113.252.193.112,English
582,Constantia,St. Queintain,cstqueintaing5@mlb.com,Female,224.218.118.36,English
583,Andreas,Tinkler,atinklerg6@cam.ac.uk,Male,246.102.26.137,Swahili
584,Bob,Nockles,bnocklesg7@wired.com,Male,114.201.195.106,Bulgarian
585,Enid,Gallen,egalleng8@odnoklassniki.ru,Female,174.126.20.131,Swahili
586,Walliw,Lockley,wlockleyg9@alexa.com,Female,55.225.227.250,Estonian
587,Daphne,Quarmby,dquarmbyga@zdnet.com,Female,189.213.126.188,Hindi
588,Diarmid,Paulino,dpaulinogb@behance.net,Male,220.191.26.146,Portuguese
589,Renaldo,Gherarducci,rgherarduccigc@multiply.com,Male,142.20.142.230,Swedish
590,Myrtice,Jeffries,mjeffriesgd@blogger.com,Female,143.98.20.78,Spanish
591,Romola,Moniker,rmonikerge@ftc.gov,Female,60.233.118.208,Irish Gaelic
592,Puff,Readett,preadettgf@hugedomains.com,Male,146.235.187.251,Hebrew
593,Byram,Desaur,bdesaurgg@dyndns.org,Male,131.204.167.50,M��ori
594,Petey,Bushnell,pbushnellgh@howstuffworks.com,Male,14.241.63.41,Lao
595,Tiphany,Blakeston,tblakestongi@mit.edu,Female,168.191.112.185,Irish Gaelic
596,Mirilla,Hillum,mhillumgj@seattletimes.com,Female,43.74.224.170,Luxembourgish
597,Yanaton,Wingeatt,ywingeattgk@yellowbook.com,Male,82.92.70.195,Russian
598,Lief,Van Arsdalen,lvanarsdalengl@alibaba.com,Male,94.92.79.0,Chinese
599,Osbert,Yelden,oyeldengm@over-blog.com,Male,226.103.121.70,Swedish
600,Anya,Musicka,amusickagn@cnet.com,Female,100.116.201.29,Russian
601,Meghan,Brandsma,mbrandsmago@woothemes.com,Female,60.34.234.146,Czech
602,Elysia,Blowin,eblowingp@blogger.com,Female,231.197.236.113,Dutch
603,Evelina,Thayre,ethayregq@samsung.com,Female,238.176.226.235,Korean
604,Ninnette,Upcott,nupcottgr@livejournal.com,Female,127.54.31.9,Spanish
605,Arlan,Steels,asteelsgs@harvard.edu,Male,144.81.115.112,Polish
606,Hagen,Ivashechkin,hivashechkingt@i2i.jp,Male,122.244.105.211,Hindi
607,Ced,Brickhill,cbrickhillgu@chicagotribune.com,Male,204.143.194.58,Tswana
608,Davon,Olley,dolleygv@wordpress.org,Male,163.126.199.53,English
609,Claudine,Bail,cbailgw@ebay.com,Female,95.61.237.162,Swedish
610,Ingamar,Shawcross,ishawcrossgx@salon.com,Male,104.85.56.69,Nepali
611,Monica,Bouch,mbouchgy@ustream.tv,Female,41.125.238.126,Persian
612,Cloe,Filasov,cfilasovgz@china.com.cn,Female,58.236.86.228,English
613,Lorette,Baxill,lbaxillh0@usgs.gov,Female,88.179.61.165,Chinese
614,Cyb,McGrirl,cmcgrirlh1@intel.com,Female,159.139.67.106,English
615,Ardelis,Maso,amasoh2@twitpic.com,Female,156.18.210.86,English
616,Lawry,Atte-Stone,lattestoneh3@whitehouse.gov,Male,62.46.22.123,Chinese
617,Hyacinthie,Glading,hgladingh4@howstuffworks.com,Female,122.145.172.9,English
618,Thorpe,Gostall,tgostallh5@biblegateway.com,Male,176.77.191.173,Hungarian
619,Tab,Geipel,tgeipelh6@acquirethisname.com,Male,223.234.145.38,Persian
620,Agathe,Budik,abudikh7@wordpress.org,Female,244.215.160.16,Belarusian
621,Tome,Crosskell,tcrosskellh8@virginia.edu,Male,22.117.59.153,Malayalam
622,Tait,Boddy,tboddyh9@icio.us,Male,255.212.181.61,Spanish
623,Clifford,Stebbings,cstebbingsha@usda.gov,Male,25.206.250.204,Croatian
624,Llewellyn,Dorkens,ldorkenshb@prlog.org,Male,30.226.17.229,Chinese
625,Mata,Bowdon,mbowdonhc@booking.com,Male,245.42.147.163,Luxembourgish
626,Cybill,Catenot,ccatenothd@baidu.com,Female,200.123.174.188,Spanish
627,Dougy,Bickersteth,dbickerstethhe@g.co,Male,237.217.199.244,Chinese
628,Lambert,Brend,lbrendhf@lycos.com,Male,37.159.101.30,Spanish
629,Piotr,Tulloch,ptullochhg@reuters.com,Male,83.1.165.244,Hindi
630,Kiley,Rawkesby,krawkesbyhh@dion.ne.jp,Female,2.154.99.209,Amharic
631,Kingston,Grunbaum,kgrunbaumhi@nytimes.com,Male,53.174.217.110,Chinese
632,Daven,Stollberg,dstollberghj@yahoo.co.jp,Male,136.182.191.188,Chinese
633,Pearline,Vials,pvialshk@simplemachines.org,Female,142.194.80.103,Chinese
634,Henri,McAlpine,hmcalpinehl@weather.com,Male,60.107.77.166,Spanish
635,Mandi,Erridge,merridgehm@howstuffworks.com,Female,104.82.150.189,Norwegian
636,Lucas,Robbings,lrobbingshn@ebay.co.uk,Male,130.6.156.91,Chinese
637,Cher,Logesdale,clogesdaleho@army.mil,Female,140.4.52.56,Italian
638,Christoper,Bentall,cbentallhp@spotify.com,Male,96.3.36.127,Luxembourgish
639,Mureil,Mc Gorley,mmcgorleyhq@ebay.co.uk,Female,116.14.107.209,Chinese
640,Di,Challiner,dchallinerhr@army.mil,Female,14.180.12.79,Swahili
641,Gigi,Nerne,gnernehs@time.com,Female,250.11.36.36,Portuguese
642,Mychal,Davydoch,mdavydochht@instagram.com,Male,18.169.64.140,Norwegian
643,Charyl,Roblin,croblinhu@csmonitor.com,Female,3.239.92.216,English
644,Ninetta,Bohey,nboheyhv@elegantthemes.com,Female,222.147.239.32,Korean
645,Thebault,Dullard,tdullardhw@flavors.me,Male,134.148.209.30,German
646,Esma,Hallard,ehallardhx@rambler.ru,Female,137.66.89.32,Hindi
647,Russ,Flawith,rflawithhy@google.es,Male,42.85.251.113,Malayalam
648,Gavra,Pinard,gpinardhz@toplist.cz,Female,10.103.188.69,Amharic
649,Isac,Rennenbach,irennenbachi0@flickr.com,Male,197.152.239.99,Hindi
650,Dorene,Bazeley,dbazeleyi1@sbwire.com,Female,78.161.28.200,English
651,Pat,Wordsley,pwordsleyi2@icio.us,Female,35.225.22.145,Swahili
652,Joshuah,Culwen,jculweni3@sina.com.cn,Male,76.221.221.144,Polish
653,Lind,Alejandri,lalejandrii4@weather.com,Male,76.139.163.84,Guaran�_
654,Nata,O'Reilly,noreillyi5@vinaora.com,Female,51.122.228.67,Arabic
655,Lazaro,Pecey,lpeceyi6@tiny.cc,Male,204.151.0.5,Kurdish
656,Frazier,Lavalde,flavaldei7@businesswire.com,Male,37.51.131.106,Italian
657,Ynez,Seamon,yseamoni8@google.fr,Female,159.186.166.57,Chinese
658,Culley,Otter,cotteri9@wikipedia.org,Male,243.174.123.142,Hindi
659,Aileen,Callacher,acallacheria@techcrunch.com,Female,251.210.179.13,Russian
660,Arly,Norwood,anorwoodib@reference.com,Female,149.157.181.21,Spanish
661,Eleanora,Cheales,echealesic@jimdo.com,Female,175.136.75.232,Zulu
662,Serge,Allanby,sallanbyid@liveinternet.ru,Male,224.178.73.64,Hindi
663,Hugo,Drysdale,hdrysdaleie@e-recht24.de,Male,231.125.227.86,Spanish
664,Bunnie,Grimwade,bgrimwadeif@ucsd.edu,Female,109.140.119.42,Zulu
665,Zaria,Pringle,zpringleig@illinois.edu,Female,238.220.156.113,Spanish
666,Charmian,Kienle,ckienleih@seesaa.net,Female,173.107.224.16,Polish
667,Lambert,Hitchens,lhitchensii@dailymotion.com,Male,215.1.13.40,Arabic
668,Shelley,Lukins,slukinsij@taobao.com,Male,136.255.217.251,Malayalam
669,Francisca,Di Franceshci,fdifranceshciik@weather.com,Female,130.204.225.184,Italian
670,Lavina,Brockie,lbrockieil@cam.ac.uk,Female,96.186.238.182,Spanish
671,Leta,Eglington,leglingtonim@java.com,Female,36.55.173.63,Hindi
672,Adah,Dumberell,adumberellin@moonfruit.com,Female,114.105.74.20,French
673,Ashlen,Backhurst,abackhurstio@newyorker.com,Female,47.123.20.134,French
674,Benedikt,Desvignes,bdesvignesip@live.com,Male,56.26.122.227,Arabic
675,Karolina,Heamus,kheamusiq@washingtonpost.com,Female,112.179.135.30,French
676,Laina,Cornthwaite,lcornthwaiteir@hp.com,Female,4.31.21.211,English
677,Elliott,Joisce,ejoisceis@hc360.com,Male,218.139.171.78,Mongolian
678,Agathe,Fechnie,afechnieit@intel.com,Female,3.101.186.244,Finnish
679,Tate,McDuff,tmcduffiu@google.ru,Female,75.247.116.132,Spanish
680,Devland,MacKissack,dmackissackiv@slideshare.net,Male,152.223.183.207,Armenian
681,Bealle,Ranahan,branahaniw@latimes.com,Male,148.190.60.60,Spanish
682,Carroll,McConaghy,cmcconaghyix@lulu.com,Male,122.80.152.37,Hindi
683,Caril,Rhodus,crhodusiy@telegraph.co.uk,Female,14.78.166.242,Arabic
684,Jarvis,Cosin,jcosiniz@yale.edu,Male,181.187.163.234,Indonesian
685,Artie,Harrod,aharrodj0@guardian.co.uk,Male,219.83.68.121,French
686,Bradford,Tollemache,btollemachej1@loc.gov,Male,57.2.143.170,Lao
687,Truman,Vasiltsov,tvasiltsovj2@example.com,Male,134.39.121.32,Chinese
688,Xenos,Blaver,xblaverj3@bloomberg.com,Male,21.131.146.81,Spanish
689,Catlin,Garci,cgarcij4@ehow.com,Female,99.188.145.95,Spanish
690,Mikel,Dedham,mdedhamj5@indiatimes.com,Male,13.105.64.231,English
691,Waneta,Hafner,whafnerj6@wordpress.com,Female,146.61.152.215,French
692,Ambrosius,Munford,amunfordj7@hibu.com,Male,53.155.198.147,Spanish
693,Andriana,Pettit,apettitj8@plala.or.jp,Female,161.68.15.175,Polish
694,Osgood,Trimnell,otrimnellj9@va.gov,Male,85.103.38.72,Chinese
695,Wade,Hudel,whudelja@omniture.com,Male,200.254.14.231,Filipino
696,Kelly,Streetley,kstreetleyjb@dyndns.org,Male,161.156.131.183,Chinese
697,Rockey,MacKegg,rmackeggjc@epa.gov,Male,131.232.159.184,Lao
698,Jonathon,Heam,jheamjd@unc.edu,Male,54.60.244.242,English
699,Iggie,McGuire,imcguireje@parallels.com,Male,50.58.100.170,Indonesian
700,Alain,Cowx,acowxjf@reverbnation.com,Male,129.93.152.245,Hindi
701,Leigh,Russon,lrussonjg@pagesperso-orange.fr,Male,67.46.43.160,Chinese
702,Natale,Engelbrecht,nengelbrechtjh@mediafire.com,Male,16.111.223.198,Hindi
703,Vally,Raccio,vraccioji@prnewswire.com,Female,199.179.24.207,Spanish
704,Matthiew,McGeneay,mmcgeneayjj@disqus.com,Male,113.211.68.52,Mongolian
705,Raff,Dudding,rduddingjk@reference.com,Male,47.211.119.160,Thai
706,Filbert,Mason,fmasonjl@github.com,Male,38.26.255.182,French
707,Cornall,Loveard,cloveardjm@clickbank.net,Male,226.96.153.51,Tswana
708,Berni,Tonge,btongejn@nature.com,Female,41.189.106.50,English
709,Kendell,Lidden,kliddenjo@nationalgeographic.com,Male,23.149.87.95,German
710,Rozina,Ducroe,rducroejp@state.tx.us,Female,152.206.106.1,Spanish
711,Addy,Duckering,aduckeringjq@booking.com,Female,231.181.56.141,Luxembourgish
712,Ronnica,Lydden,rlyddenjr@liveinternet.ru,Female,31.183.172.62,English
713,Reynolds,Tedorenko,rtedorenkojs@psu.edu,Male,30.11.114.164,Russian
714,Vassily,Oxx,voxxjt@kickstarter.com,Male,24.125.183.3,Chinese
715,Clarisse,McGarvey,cmcgarveyju@usnews.com,Female,144.147.167.221,German
716,Lesley,Tattersill,ltattersilljv@oakley.com,Female,200.118.170.47,Belarusian
717,Velvet,Burdytt,vburdyttjw@netlog.com,Female,93.33.206.210,Russian
718,Agata,Lane,alanejx@google.cn,Female,55.183.75.205,Arabic
719,Geralda,Tabram,gtabramjy@usda.gov,Female,239.10.182.183,French
720,Taddeo,Coe,tcoejz@prweb.com,Male,110.36.30.103,Russian
721,Tonia,Bernini,tberninik0@hc360.com,Female,144.233.230.93,Russian
722,Brett,Risely,briselyk1@tamu.edu,Male,117.50.130.41,Portuguese
723,Godfrey,Dyke,gdykek2@seesaa.net,Male,32.246.193.224,Greek
724,Candida,Burtenshaw,cburtenshawk3@cloudflare.com,Female,121.227.10.77,English
725,Damon,Bray,dbrayk4@flickr.com,Male,242.76.27.67,Lao
726,Marigold,Simonite,msimonitek5@google.fr,Female,188.86.212.253,English
727,Marlo,Brugger,mbruggerk6@ycombinator.com,Female,48.138.113.123,Thai
728,Berty,Nutley,bnutleyk7@marketwatch.com,Male,228.60.130.156,Russian
729,Wells,Strafford,wstraffordk8@soundcloud.com,Male,129.228.120.160,English
730,Edith,Shower,eshowerk9@dagondesign.com,Female,219.239.46.160,Spanish
731,Leupold,Hacaud,lhacaudka@tmall.com,Male,181.172.50.202,English
732,Anastassia,Ricardou,aricardoukb@oaic.gov.au,Female,243.27.20.28,French
733,Gaspard,Haimes,ghaimeskc@ycombinator.com,Male,212.88.71.193,Arabic
734,Zita,Clamp,zclampkd@constantcontact.com,Female,60.15.65.108,Swedish
735,Lorain,Baker,lbakerke@senate.gov,Female,141.177.181.94,Hindi
736,Julius,Buttler,jbuttlerkf@cloudflare.com,Male,120.44.116.174,Polish
737,Janeta,Biskupski,jbiskupskikg@vinaora.com,Female,166.42.27.144,Korean
738,Adriano,Casserley,acasserleykh@house.gov,Male,124.91.209.123,English
739,Hope,Havenhand,hhavenhandki@time.com,Female,170.35.193.81,Polish
740,Emmit,Sarge,esargekj@foxnews.com,Male,82.254.60.233,Danish
741,Felice,Braznell,fbraznellkk@angelfire.com,Female,52.108.220.230,Arabic
742,Elnore,Theobald,etheobaldkl@themeforest.net,Female,19.32.112.143,Chinese
743,Pam,Loveless,plovelesskm@unicef.org,Female,251.160.128.127,Filipino
744,Mellisent,Scrowton,mscrowtonkn@dot.gov,Female,210.30.228.96,Tswana
745,Parker,Liggins,pligginsko@mit.edu,Male,110.82.220.141,Spanish
746,Minor,Goodreid,mgoodreidkp@ca.gov,Male,230.152.170.165,Arabic
747,Zora,Wynrehame,zwynrehamekq@pbs.org,Female,99.5.215.115,Armenian
748,Konstance,Ladd,kladdkr@miibeian.gov.cn,Female,134.10.23.196,Russian
749,Sholom,Mushett,smushettks@ycombinator.com,Male,137.58.142.69,English
750,Carlin,Simonian,csimoniankt@cnn.com,Male,13.76.227.218,Tamil
751,Garold,Rickwood,grickwoodku@mysql.com,Male,96.251.188.186,Thai
752,Kermie,Feaveryear,kfeaveryearkv@hubpages.com,Male,234.153.216.211,English
753,Olvan,Beggin,obegginkw@latimes.com,Male,152.8.134.17,English
754,Roberta,Hatcher,rhatcherkx@redcross.org,Female,191.81.233.26,Greek
755,Gardner,Tyne,gtyneky@wix.com,Male,181.54.221.64,Chinese
756,Lazare,Gier,lgierkz@google.it,Male,47.101.37.31,French
757,Alfonso,Danielut,adanielutl0@cmu.edu,Male,21.21.25.147,Yiddish
758,Garold,Wallbanks,gwallbanksl1@opera.com,Male,142.152.234.237,Spanish
759,Emmalynne,Aizkovitch,eaizkovitchl2@gmpg.org,Female,242.34.212.96,Bengali
760,Bart,Murton,bmurtonl3@dmoz.org,Male,121.176.123.205,French
761,Jeannine,Rattrie,jrattriel4@digg.com,Female,232.166.234.35,Croatian
762,Alic,Edmett,aedmettl5@princeton.edu,Male,151.217.74.72,Azeri
763,Maegan,Hartman,mhartmanl6@flavors.me,Female,255.128.119.74,French
764,Dare,Rosson,drossonl7@livejournal.com,Male,199.47.11.127,Spanish
765,Astrix,Crecy,acrecyl8@slashdot.org,Female,66.102.225.21,French
766,Bobbette,Walpole,bwalpolel9@nps.gov,Female,72.0.25.120,English
767,Grover,Gawkes,ggawkesla@nih.gov,Male,81.8.131.91,Chinese
768,Carmine,Fotitt,cfotittlb@google.com.au,Female,95.127.32.40,Mongolian
769,Emelia,Lamlin,elamlinlc@github.io,Female,33.161.207.87,Hindi
770,Merrily,Canton,mcantonld@yale.edu,Female,19.19.119.171,Lithuanian
771,Patience,Karel,pkarelle@1688.com,Female,131.111.187.19,Kurdish
772,Gordie,Chiene,gchienelf@stumbleupon.com,Male,122.219.224.135,Nepali
773,Aksel,Twinborne,atwinbornelg@lycos.com,Male,193.154.177.7,Belarusian
774,Gwendolin,Schultheiss,gschultheisslh@huffingtonpost.com,Female,191.233.50.188,Russian
775,Elora,Angrove,eangroveli@epa.gov,Female,48.166.107.137,Spanish
776,Brok,Haile,bhailelj@census.gov,Male,42.219.153.10,Tswana
777,Quint,Nevins,qnevinslk@ifeng.com,Male,65.251.109.216,Arabic
778,Roby,Kemitt,rkemittll@e-recht24.de,Female,77.72.67.151,Chinese
779,Derrik,Mouse,dmouselm@gnu.org,Male,151.168.248.238,English
780,Abraham,Arghent,aarghentln@nhs.uk,Male,3.92.130.203,Arabic
781,Jeri,Crumbleholme,jcrumbleholmelo@virginia.edu,Female,154.211.100.153,Croatian
782,Shanna,Barbery,sbarberylp@tiny.cc,Female,96.26.122.54,German
783,Durante,Tink,dtinklq@gmpg.org,Male,130.106.27.227,Italian
784,Geoffrey,Mintoff,gmintofflr@networksolutions.com,Male,83.68.218.116,Spanish
785,Ephrem,Leer,eleerls@rediff.com,Male,213.93.128.169,Hebrew
786,Ruthy,Etchingham,retchinghamlt@1und1.de,Female,86.237.218.118,French
787,Westbrook,Featherstone,wfeatherstonelu@163.com,Male,35.116.165.51,Swedish
788,Rutger,Myers,rmyerslv@shareasale.com,Male,102.156.135.116,English
789,Chase,Novotna,cnovotnalw@newsvine.com,Male,71.10.68.218,Dutch
790,Jedidiah,Bennough,jbennoughlx@github.io,Male,141.130.90.228,Zulu
791,Laureen,Szimon,lszimonly@storify.com,Female,32.47.243.131,French
792,Sholom,Wallentin,swallentinlz@google.ru,Male,217.68.3.213,Tamil
793,Loy,Dunstall,ldunstallm0@blogs.com,Male,162.204.51.99,Burmese
794,Gilli,Peacher,gpeacherm1@amazonaws.com,Female,125.24.35.223,Russian
795,Waverly,Hurley,whurleym2@gov.uk,Male,240.163.159.64,Hindi
796,Keslie,Broadwood,kbroadwoodm3@ca.gov,Female,12.46.178.60,Irish Gaelic
797,Phillip,Devita,pdevitam4@ted.com,Male,10.94.82.249,Arabic
798,Pascale,Caccavella,pcaccavellam5@squarespace.com,Male,17.223.211.173,Chinese
799,Maryjane,Daleman,mdalemanm6@ow.ly,Female,35.120.28.215,Persian
800,Gwendolin,Blyth,gblythm7@census.gov,Female,64.52.172.223,Chinese
801,Fania,Marshal,fmarshalm8@indiegogo.com,Female,220.206.165.52,Spanish
802,Kimberli,Suter,ksuterm9@harvard.edu,Female,141.215.25.250,Arabic
803,Tammie,Pennuzzi,tpennuzzima@foxnews.com,Male,158.107.71.161,French
804,Maxine,Froschauer,mfroschauermb@unc.edu,Female,93.225.91.155,English
805,Terencio,Fortune,tfortunemc@yellowpages.com,Male,229.86.160.36,Azeri
806,Louella,MacIver,lmacivermd@bravesites.com,Female,235.250.51.180,French
807,Harlen,Jammet,hjammetme@reuters.com,Male,62.133.138.204,Pashto
808,Layne,Janeczek,ljaneczekmf@howstuffworks.com,Female,176.118.81.101,Guaran�_
809,Richy,Darthe,rdarthemg@yellowpages.com,Male,30.4.108.126,Malayalam
810,Waylon,McCanny,wmccannymh@nationalgeographic.com,Male,250.184.114.253,Spanish
811,Gratia,Izakov,gizakovmi@unc.edu,Female,250.95.101.67,Chinese
812,Kevyn,Bimrose,kbimrosemj@youku.com,Female,161.87.196.15,English
813,Laurella,Blinerman,lblinermanmk@360.cn,Female,187.83.176.5,Romanian
814,Jermain,Dovidian,jdovidianml@reuters.com,Male,176.237.182.154,Hindi
815,Amara,Curd,acurdmm@php.net,Female,192.26.120.182,Portuguese
816,Farlee,Mathevon,fmathevonmn@mozilla.org,Male,18.61.247.157,Hindi
817,Petronia,Moakson,pmoaksonmo@washington.edu,Female,201.208.138.14,Korean
818,Olva,Greenrod,ogreenrodmp@home.pl,Female,182.54.231.192,French
819,Joanie,Pencot,jpencotmq@vistaprint.com,Female,19.9.48.159,English
820,Mabelle,Faircloth,mfairclothmr@techcrunch.com,Female,159.227.220.116,English
821,Lucretia,Deabill,ldeabillms@dyndns.org,Female,251.240.246.43,Tswana
822,Joan,Triggs,jtriggsmt@surveymonkey.com,Female,53.109.117.202,French
823,Ripley,Pullin,rpullinmu@hp.com,Male,156.90.24.14,Danish
824,Amos,Kernermann,akernermannmv@ustream.tv,Male,82.124.200.131,Norwegian
825,Pepita,Geraudel,pgeraudelmw@sbwire.com,Female,168.126.216.148,Chinese
826,Ronny,Ebourne,rebournemx@hud.gov,Male,222.110.17.47,Persian
827,Jabez,Dreher,jdrehermy@bloomberg.com,Male,0.10.247.125,Chinese
828,Stanwood,Friedank,sfriedankmz@cisco.com,Male,43.60.194.73,Irish Gaelic
829,Dore,Duddell,dduddelln0@plala.or.jp,Female,42.217.27.38,Albanian
830,Jenica,Salvati,jsalvatin1@multiply.com,Female,247.135.226.235,Punjabi
831,Laurena,Eicke,leicken2@jalbum.net,Female,47.27.6.143,Lithuanian
832,Kane,Hacquard,khacquardn3@bbb.org,Male,181.63.112.142,Spanish
833,Avigdor,Philliskirk,aphilliskirkn4@histats.com,Male,95.162.197.183,Hindi
834,Warde,Condict,wcondictn5@youtu.be,Male,159.192.126.85,Greek
835,Merline,Adney,madneyn6@vimeo.com,Female,249.34.82.232,Chinese
836,Salomone,Sowten,ssowtenn7@godaddy.com,Male,127.237.215.255,Nepali
837,Joshuah,Rentalll,jrentallln8@scientificamerican.com,Male,75.83.187.104,Estonian
838,Rosemaria,Baber,rbabern9@ucoz.com,Female,124.174.10.174,Irish Gaelic
839,Sigismond,Darwent,sdarwentna@joomla.org,Male,248.169.73.120,Chinese
840,Clarissa,Turle,cturlenb@mit.edu,Female,253.125.196.132,Spanish
841,Hall,Currington,hcurringtonnc@lulu.com,Male,151.44.209.208,Croatian
842,Chuck,Neylan,cneylannd@behance.net,Male,132.77.189.213,English
843,Alley,Dozdill,adozdillne@naver.com,Male,76.123.85.6,Spanish
844,Verena,Duny,vdunynf@mapy.cz,Female,4.21.241.5,Russian
845,Forbes,Van de Velde,fvandeveldeng@furl.net,Male,5.190.63.67,Luxembourgish
846,Myrtice,De Bischop,mdebischopnh@wikia.com,Female,1.53.154.117,Spanish
847,Hestia,Whatmough,hwhatmoughni@desdev.cn,Female,41.109.212.95,Tswana
848,Georgina,Jeanneau,gjeanneaunj@netlog.com,Female,25.114.172.169,Georgian
849,Judye,Guillotin,jguillotinnk@alexa.com,Female,200.99.244.229,Portuguese
850,Ursala,Hobble,uhobblenl@java.com,Female,59.244.28.107,Tamil
851,Timotheus,Joynson,tjoynsonnm@sakura.ne.jp,Male,27.24.161.89,Hindi
852,Allistir,Dole,adolenn@ftc.gov,Male,165.215.196.125,English
853,Viviene,Crabbe,vcrabbeno@blog.com,Female,134.35.208.139,Hungarian
854,Darya,Khadir,dkhadirnp@simplemachines.org,Female,211.57.146.200,Lao
855,Daven,Zoppie,dzoppienq@mail.ru,Male,223.146.58.54,Spanish
856,Concordia,Shevelin,cshevelinnr@theatlantic.com,Female,151.146.202.138,Spanish
857,Mab,Aleksashin,maleksashinns@google.pl,Female,21.90.202.196,Filipino
858,Sigrid,Dyne,sdynent@ifeng.com,Female,246.190.60.126,Bulgarian
859,Brett,Jahnisch,bjahnischnu@ning.com,Male,24.70.235.135,Guaran�_
860,Wendie,Suscens,wsuscensnv@google.cn,Female,112.64.54.153,Italian
861,Stanley,Annatt,sannattnw@baidu.com,Male,168.144.28.136,Croatian
862,Simon,Kinglesyd,skinglesydnx@yandex.ru,Male,113.37.33.22,Thai
863,Rasla,Servante,rservanteny@wisc.edu,Female,171.18.22.204,Chinese
864,Janey,Blondell,jblondellnz@ibm.com,Female,18.219.28.197,Burmese
865,Georgeta,Petrello,gpetrelloo0@godaddy.com,Female,40.244.165.40,Chinese
866,Audie,Himpson,ahimpsono1@businessweek.com,Female,60.46.210.210,Spanish
867,Fabien,Astie,fastieo2@tiny.cc,Male,168.52.48.37,Catalan
868,Jermayne,Saltrese,jsaltreseo3@adobe.com,Male,93.194.170.226,Arabic
869,Trumaine,MacCombe,tmaccombeo4@eepurl.com,Male,60.74.182.189,English
870,Kessiah,Fettiplace,kfettiplaceo5@amazon.com,Female,160.71.16.234,Italian
871,Julianne,Angear,jangearo6@mac.com,Female,196.113.135.151,Chinese
872,Christopher,Verna,cvernao7@wisc.edu,Male,11.6.17.157,Hindi
873,Manuel,Rosetti,mrosettio8@usatoday.com,Male,84.128.92.1,Portuguese
874,Anders,Haggleton,ahaggletono9@pinterest.com,Male,207.74.51.247,Spanish
875,Aldous,Lismer,alismeroa@google.cn,Male,252.82.39.88,Polish
876,Karoline,Vassie,kvassieob@bizjournals.com,Female,95.194.183.26,Hindi
877,Wildon,Maggiori,wmaggiorioc@usda.gov,Male,14.184.240.60,English
878,Lyle,Carneck,lcarneckod@comsenz.com,Male,144.166.5.115,Spanish
879,Terrye,Ramsden,tramsdenoe@multiply.com,Female,220.91.152.128,Spanish
880,Lorelei,Lodge,llodgeof@github.io,Female,40.255.29.163,English
881,Nessi,Hayer,nhayerog@bigcartel.com,Female,58.81.214.36,Belarusian
882,Purcell,Rabbet,prabbetoh@shinystat.com,Male,83.245.154.88,Spanish
883,Jason,MacGahy,jmacgahyoi@goo.gl,Male,59.128.69.171,Hindi
884,Lottie,Franceschi,lfranceschioj@ovh.net,Female,59.215.4.184,Pashto
885,Rossy,Enocksson,renockssonok@baidu.com,Male,222.87.49.83,Chinese
886,Aaron,O'Doherty,aodohertyol@blogspot.com,Male,3.242.110.12,Yiddish
887,Brigit,Keppy,bkeppyom@bloomberg.com,Female,215.51.57.221,Polish
888,Bren,Bilt,bbilton@rambler.ru,Male,252.112.3.64,Yiddish
889,Normand,Pawel,npaweloo@google.cn,Male,4.162.103.234,M��ori
890,Shel,Panketh,spankethop@globo.com,Female,8.206.213.31,Mongolian
891,Dugald,Cragg,dcraggoq@t-online.de,Male,247.246.255.24,German
892,Lucia,Rand,lrandor@usnews.com,Female,122.109.14.238,Chinese
893,Carolyne,Mustin,cmustinos@google.de,Female,189.0.96.222,Mongolian
894,Nichole,Labba,nlabbaot@cdc.gov,Male,192.248.120.70,English
895,Krysta,Mollene,kmolleneou@i2i.jp,Female,143.126.141.162,Bulgarian
896,Shayna,Shutt,sshuttov@ustream.tv,Female,107.193.101.177,Spanish
897,Queenie,Beeson,qbeesonow@ocn.ne.jp,Female,251.122.145.84,Arabic
898,Kessiah,Grills,kgrillsox@shareasale.com,Female,187.25.20.165,Lao
899,Marina,Kemetz,mkemetzoy@liveinternet.ru,Female,129.189.193.214,Bengali
900,Amelia,Lanney,alanneyoz@wp.com,Female,78.150.123.36,English
901,Kenn,Ducarne,kducarnep0@exblog.jp,Male,112.96.255.203,Hindi
902,Marybeth,Surgey,msurgeyp1@ca.gov,Female,31.54.231.41,Persian
903,Dougie,Yuill,dyuillp2@infoseek.co.jp,Male,51.163.34.10,Indonesian
904,Addi,Witchard,awitchardp3@constantcontact.com,Female,142.136.183.244,Hindi
905,Maggy,Devons,mdevonsp4@hao123.com,Female,150.165.120.64,Arabic
906,Nicol,Merner,nmernerp5@bravesites.com,Female,188.165.107.191,French
907,Dael,Burkitt,dburkittp6@tripadvisor.com,Female,184.155.170.203,Russian
908,Annie,Wolfart,awolfartp7@flavors.me,Female,109.170.241.111,Yiddish
909,Libbi,Stonhewer,lstonhewerp8@ehow.com,Female,2.135.21.205,Hungarian
910,Alie,Kelbie,akelbiep9@jugem.jp,Female,133.182.232.172,Korean
911,Gail,Livesey,gliveseypa@arstechnica.com,Female,118.182.127.5,Arabic
912,Leandra,Anfonsi,lanfonsipb@tripod.com,Female,67.150.145.87,Spanish
913,Aloin,Brick,abrickpc@zimbio.com,Male,7.18.105.75,Swedish
914,Verene,Towndrow,vtowndrowpd@amazon.com,Female,225.138.38.226,Nepali
915,Frazer,Audibert,faudibertpe@diigo.com,Male,95.184.253.252,Swahili
916,Portia,Comiskey,pcomiskeypf@phpbb.com,Female,36.162.93.192,Chinese
917,Filmer,Bills,fbillspg@google.de,Male,117.251.212.88,Hindi
918,Case,Ralling,crallingph@apple.com,Male,165.69.32.88,Chinese
919,Wanda,Littledike,wlittledikepi@people.com.cn,Female,102.60.159.203,Georgian
920,Isabeau,Whitington,iwhitingtonpj@homestead.com,Female,251.152.107.83,Nepali
921,Waylan,Haquard,whaquardpk@go.com,Male,247.175.56.203,Spanish
922,Emanuele,Nannini,enanninipl@mozilla.com,Male,221.164.105.64,Portuguese
923,Willem,Vreiberg,wvreibergpm@thetimes.co.uk,Male,214.140.223.213,English
924,Eddie,Crighten,ecrightenpn@behance.net,Male,104.32.50.122,Hindi
925,Kingsley,Scargill,kscargillpo@linkedin.com,Male,91.167.44.210,Arabic
926,Muffin,Karlsson,mkarlssonpp@mapy.cz,Male,103.193.245.71,Greek
927,Sherm,Pinhorn,spinhornpq@miitbeian.gov.cn,Male,31.18.123.158,Chinese
928,Gerhard,Floyed,gfloyedpr@prweb.com,Male,7.28.65.109,Swahili
929,Oswald,Mains,omainsps@cam.ac.uk,Male,8.170.68.13,Czech
930,Weylin,Scolts,wscoltspt@ustream.tv,Male,215.113.212.205,Malayalam
931,Elspeth,Astill,eastillpu@sfgate.com,Female,14.207.11.213,English
932,Vanni,Kemmish,vkemmishpv@nbcnews.com,Female,92.254.243.188,Georgian
933,Hakeem,Canada,hcanadapw@comcast.net,Male,125.26.239.1,Chinese
934,Kellby,Ruffey,kruffeypx@constantcontact.com,Male,13.208.206.71,Estonian
935,Hastie,Gettens,hgettenspy@bravesites.com,Male,81.105.122.195,Punjabi
936,Beverly,Acock,bacockpz@so-net.ne.jp,Female,103.38.217.41,Spanish
937,Vaughn,Kinver,vkinverq0@telegraph.co.uk,Male,23.197.43.25,Pashto
938,Alaine,Harbor,aharborq1@nationalgeographic.com,Female,228.9.197.168,Lithuanian
939,Annice,Devinn,adevinnq2@japanpost.jp,Female,145.85.207.188,Lithuanian
940,Kaylil,Matura,kmaturaq3@wikimedia.org,Female,34.215.225.77,Hebrew
941,Hayward,Pashley,hpashleyq4@acquirethisname.com,Male,140.155.119.189,Finnish
942,Fleming,Kroin,fkroinq5@phoca.cz,Male,123.30.4.82,English
943,Carlyle,Blenkhorn,cblenkhornq6@boston.com,Male,41.55.134.62,English
944,Lester,Schneider,lschneiderq7@naver.com,Male,193.161.167.126,Filipino
945,Isabella,Frostdick,ifrostdickq8@squarespace.com,Female,164.86.209.125,Irish Gaelic
946,Oralie,Bazoge,obazogeq9@imdb.com,Female,181.233.187.77,English
947,Ignace,Damrell,idamrellqa@weather.com,Male,126.126.128.104,Chinese
948,Brendon,Conyers,bconyersqb@example.com,Male,115.145.145.10,Danish
949,Tamera,Solman,tsolmanqc@dagondesign.com,Female,174.128.98.68,Spanish
950,Mariya,Varren,mvarrenqd@home.pl,Female,177.231.158.240,Chinese
951,Gallagher,Coit,gcoitqe@de.vu,Male,46.32.223.69,Romanian
952,Inesita,Isakov,iisakovqf@bbb.org,Female,189.9.29.93,Chinese
953,Abbi,Kaygill,akaygillqg@goodreads.com,Female,209.246.130.194,Filipino
954,Jonas,Baudouin,jbaudouinqh@usatoday.com,Male,236.239.61.132,Spanish
955,Margette,Blaver,mblaverqi@stumbleupon.com,Female,28.107.3.138,Arabic
956,Damara,Malia,dmaliaqj@spiegel.de,Female,200.158.159.69,Punjabi
957,Graham,Bradshaw,gbradshawqk@prlog.org,Male,251.217.174.248,English
958,Rosetta,Rebbeck,rrebbeckql@shop-pro.jp,Female,81.81.5.228,Arabic
959,Archibald,Buer,abuerqm@e-recht24.de,Male,191.184.59.112,Chinese
960,Rafaelita,Matteo,rmatteoqn@theguardian.com,Female,152.210.78.237,M��ori
961,Nikki,Groundwater,ngroundwaterqo@rediff.com,Male,91.105.226.41,Hindi
962,Loy,Brito,lbritoqp@blogspot.com,Male,8.167.71.149,Spanish
963,Dyna,Seebright,dseebrightqq@cnet.com,Female,182.52.14.140,Chinese
964,Tobey,Vigrass,tvigrassqr@cyberchimps.com,Female,96.27.254.111,English
965,Clemmy,Jedrychowski,cjedrychowskiqs@marketwatch.com,Female,121.70.119.131,Indonesian
966,Consuela,Chapelhow,cchapelhowqt@toplist.cz,Female,13.249.100.220,Chinese
967,Larina,Beeres,lbeeresqu@vimeo.com,Female,31.83.182.62,Chinese
968,Jillayne,Inglesfield,jinglesfieldqv@blinklist.com,Female,57.13.132.21,Mongolian
969,Margery,Kivits,mkivitsqw@webeden.co.uk,Female,41.146.217.209,French
970,Angie,Craiker,acraikerqx@wisc.edu,Female,30.34.222.184,Thai
971,Crystal,Thombleson,cthomblesonqy@ameblo.jp,Female,110.159.217.253,Amharic
972,Stavro,Ciabatteri,sciabatteriqz@blogtalkradio.com,Male,221.100.1.128,English
973,Rickie,Ingrey,ringreyr0@walmart.com,Male,212.185.95.78,English
974,Miquela,Lightbourn,mlightbournr1@nydailynews.com,Female,144.54.99.3,Burmese
975,Beret,Whittlesey,bwhittleseyr2@wisc.edu,Female,168.11.157.237,Arabic
976,Vi,Ansley,vansleyr3@ca.gov,Female,74.102.30.196,English
977,Joycelin,Ealden,jealdenr4@simplemachines.org,Female,110.92.69.226,Croatian
978,Shepperd,Lates,slatesr5@toplist.cz,Male,165.33.112.218,Swedish
979,Sally,Cleverly,scleverlyr6@slashdot.org,Female,138.101.255.180,Japanese
980,Florinda,Kitter,fkitterr7@umich.edu,Female,145.220.169.46,Swedish
981,Lazarus,Hammand,lhammandr8@reverbnation.com,Male,242.222.159.158,Tamil
982,Porty,Bedward,pbedwardr9@amazon.com,Male,57.223.110.24,Kurdish
983,Robinet,Kemmey,rkemmeyra@cbc.ca,Female,59.38.20.164,Indonesian
984,Dalton,Bradnick,dbradnickrb@pen.io,Male,133.32.71.246,English
985,Sibilla,Goning,sgoningrc@sciencedaily.com,Female,141.71.204.32,Korean
986,Mathew,Peiser,mpeiserrd@theguardian.com,Male,235.202.161.11,Hindi
987,Carlos,Sywell,csywellre@mac.com,Male,63.41.244.136,English
988,Stacy,Mudge,smudgerf@marriott.com,Female,222.11.156.235,Nepali
989,Willyt,Hedney,whedneyrg@netvibes.com,Female,133.70.152.37,Russian
990,Ellen,Passby,epassbyrh@prweb.com,Female,37.23.246.14,French
991,Conrado,Broinlich,cbroinlichri@ca.gov,Male,9.199.43.85,English
992,Brok,Isaaksohn,bisaaksohnrj@is.gd,Male,125.254.181.113,Bengali
993,Barnabe,Garrit,bgarritrk@gov.uk,Male,133.160.130.125,Polish
994,Maurine,Arrault,marraultrl@opensource.org,Female,105.12.152.53,English
995,Krishnah,Hawford,khawfordrm@ucsd.edu,Male,124.220.246.176,English
996,Parker,McVitty,pmcvittyrn@cargocollective.com,Male,54.237.109.80,Russian
997,Cliff,Jannings,cjanningsro@cafepress.com,Male,52.78.129.95,Tamil
998,Grazia,Drummond,gdrummondrp@topsy.com,Female,237.4.115.95,Dutch
999,Lucais,Minucci,lminuccirq@friendfeed.com,Male,196.230.25.75,Kurdish
1000,Katrine,Pehrsson,kpehrssonrr@taobao.com,Female,72.145.228.147,English